id;nome;login;senha;data_cadastro;ultimo_login;perfil
1;mobile Fish;Home Loan Account Table Computer;Trace;2019-09-18T08:00:12;2019-09-18T01:35:09;ALUNO
2;Tasty Metal Bacon;red Chips Soap;Home Loan Account;2019-09-18T15:50:34;2019-09-18T05:38:45;PROFESSOR
3;enable Gorgeous Frozen Pants;Common;Savings Account syndicate Planner;2019-09-18T04:48:37;2019-09-18T14:53:51;ALUNO
4;South Dakota envisioneer Music;Nakfa;Bahamian Dollar Investment Account;2019-09-17T20:00:57;2019-09-18T15:11:13;ALUNO
5;Tuna;hardware Costa Rica Mayotte;Industrial;2019-09-17T19:47:52;2019-09-17T21:24:34;ALUNO
6;capacitor archive;sky blue Tasty Plastic Pizza;compress South Georgia and the South Sandwich Islands;2019-09-18T01:55:50;2019-09-18T07:27:01;PROFESSOR
7;Car Industrial deliverables;orange Books;magenta monitor 1080p;2019-09-18T01:28:10;2019-09-18T14:14:07;ADMIN
8;Highway Ergonomic;moratorium moratorium;New York tangible Mississippi;2019-09-18T06:49:20;2019-09-18T13:08:32;ALUNO
9;Networked Sleek Metal Table Small;Intelligent Outdoors;Harbor Montana;2019-09-17T23:19:13;2019-09-17T18:13:52;ALUNO
10;Saint Lucia white;Generic neutral Salad;Auto Loan Account modular Refined;2019-09-18T05:03:20;2019-09-17T20:43:28;PROFESSOR
